{
   "activation functions" : [ "Linear", "ReLU", "ReLU", "Linear" ],
   "learningRate" : 0.0099999997764825821,
   "optimizer" : "adam",
   "topology" : [ 6, 10, 5, 3 ],
   "weights" : [
      -0.85028403997421265,
      -0.030390096828341484,
      0.82218724489212036,
      -0.13819164037704468,
      -0.47070187330245972,
      0.056265674531459808,
      0.042480528354644775,
      0.54332554340362549,
      -0.21552194654941559,
      0.17116744816303253,
      0.43789160251617432,
      0.50863426923751831,
      0.73994612693786621,
      -0.28466403484344482,
      0.096283048391342163,
      0.048545591533184052,
      -0.6284719705581665,
      0.17822185158729553,
      -0.63534319400787354,
      0.43920114636421204,
      0.028277020901441574,
      0.70403921604156494,
      0.4006316065788269,
      -0.032195568084716797,
      -0.51052320003509521,
      0.46984997391700745,
      -0.32387977838516235,
      0.54246890544891357,
      0.69974493980407715,
      -0.55969858169555664,
      -0.0075010145083069801,
      0.75232058763504028,
      0.29631686210632324,
      -0.18122857809066772,
      -0.15197557210922241,
      0.63339602947235107,
      -0.73674100637435913,
      0.65750491619110107,
      0.31023034453392029,
      -0.10202481597661972,
      0.23874102532863617,
      -0.13496160507202148,
      -0.43025323748588562,
      0.051269590854644775,
      0.34367585182189941,
      0.30974778532981873,
      -0.70811295509338379,
      0.59904468059539795,
      0.069722332060337067,
      -0.47860568761825562,
      0.13734768331050873,
      0.57610023021697998,
      -0.54473841190338135,
      0.088974654674530029,
      -0.26879292726516724,
      -0.30881670117378235,
      -0.21457386016845703,
      0.23239248991012573,
      -0.31941616535186768,
      -0.42634588479995728,
      0.55867683887481689,
      0.30246320366859436,
      -0.34267622232437134,
      0.46746423840522766,
      -0.47200572490692139,
      -0.12314188480377197,
      -0.12244146317243576,
      -0.42440617084503174,
      -0.05645504966378212,
      -0.53938025236129761,
      0.21725517511367798,
      -0.40056675672531128,
      -0.067108958959579468,
      0.42164289951324463,
      0.27184170484542847,
      -0.40104115009307861,
      0.17431151866912842,
      0.35579526424407959,
      -0.61270606517791748,
      -0.53538817167282104,
      0.60353821516036987,
      0.17982304096221924,
      0.54750102758407593,
      -0.49552604556083679,
      -0.38371294736862183,
      -0.27937537431716919,
      -0.097109362483024597,
      0.067268408834934235,
      0.19815808534622192,
      0.21178305149078369,
      0.38303345441818237,
      0.30068081617355347,
      -0.11984366178512573,
      -0.59199988842010498,
      -0.31310519576072693,
      0.37816929817199707,
      0.18848145008087158,
      0.18197177350521088,
      -0.0069893123582005501,
      -0.33233177661895752,
      -0.086071863770484924,
      -0.25405597686767578,
      -0.10020333528518677,
      -0.56369191408157349,
      -0.4685441255569458,
      -0.31311273574829102,
      -0.13844367861747742,
      0.33688318729400635,
      0.574104905128479,
      -0.1186942458152771,
      0.73761248588562012,
      0.81476646661758423,
      -0.36301776766777039,
      0.50352102518081665,
      -0.88835030794143677,
      -0.44789803028106689,
      -0.8115200400352478,
      -0.12853814661502838,
      0.55480939149856567,
      0.48154479265213013,
      0.20128226280212402,
      0.88290989398956299,
      0.3419651985168457,
      0.000396728515625,
      0.25942230224609375
   ]
}
